rep,method,n,s,o,d,pct_covered,pct_width,sd_covered,sd_width,expected,thetahat,runtime
NA,NA,NA,NA,NA,NA,NA,NA,NA,NA,NA,NA,NA
1,NSBoot,500,0,0,2,1,0.035429659318637285,1,0.04011337037810292,0.32000000000000006,0.324,0.08199999999987995
1,ASEpar,500,0,0,2,1,0.04188944343963502,1,0.04124959028243358,0.32000000000000006,0.324,0.3560000000002219
1,ASEWeighted,500,0,0,2,1,0.036935593860285276,1,0.03973593283203247,0.32000000000000006,0.324,0.13999999999987267
1,ASEnonpar,500,0,0,2,1,0.035189579158316664,1,0.03898232852469341,0.32000000000000006,0.324,0.4600000000000364
1,SONNETpar,500,2,0,2,1,0.036736187501547946,1,0.03896154833838461,0.32000000000000006,0.324,0.1230000000000473
1,SONNETWeighted,500,2,0,2,1,0.037096674599484625,1,0.042509026644766856,0.32000000000000006,0.324,0.11100000000033106
1,SONNETnonpar,500,2,0,2,1,0.041771084337349385,1,0.04171069582019338,0.32000000000000006,0.324,0.4810000000002219
1,SONNETpar,500,2,50,2,1,0.03701650092154668,1,0.04044723570711273,0.32000000000000006,0.324,0.062000000000352884
1,SONNETWeighted,500,2,50,2,1,0.03370476583258791,1,0.036501475911505654,0.32000000000000006,0.324,0.6739999999999782
1,SONNETnonpar,500,2,50,2,1,0.044096549435965526,1,0.046327159662148065,0.32000000000000006,0.324,0.5029999999997017
1,SONNETpar,500,2,100,2,1,0.042108315408197705,1,0.04450979169718705,0.32000000000000006,0.324,0.09400000000005093
1,SONNETWeighted,500,2,100,2,1,0.03768263800120564,1,0.0388746147352409,0.32000000000000006,0.324,0.09300000000030195
1,SONNETnonpar,500,2,100,2,1,0.045698160535117105,1,0.045736005203866226,0.32000000000000006,0.324,0.6130000000002838
1,SONNETpar,500,2,250,2,1,0.038368202941471974,1,0.03946713610171637,0.32000000000000006,0.324,0.0660000000002583
1,SONNETWeighted,500,2,250,2,1,0.03916500039555865,1,0.04016229758914858,0.32000000000000006,0.324,0.14600000000018554
1,SONNETnonpar,500,2,250,2,1,0.03640499108734396,1,0.03640493494936481,0.32000000000000006,0.324,0.4490000000000691
1,SONNETpar,500,5,0,2,1,0.03929383640666395,1,0.04057239111458011,0.32000000000000006,0.324,0.05400000000008731
1,SONNETWeighted,500,5,0,2,1,0.03611973777396771,1,0.04065619021864442,0.32000000000000006,0.324,0.06300000000010186
1,SONNETnonpar,500,5,0,2,1,0.036170707070707075,1,0.03820187180154977,0.32000000000000006,0.324,0.15200000000004366
1,SONNETpar,500,5,50,2,1,0.0476522810499983,1,0.052992158717270144,0.32000000000000006,0.324,0.05900000000019645
1,SONNETWeighted,500,5,50,2,1,0.044031812001443627,1,0.04541926738439683,0.32000000000000006,0.324,0.07099999999991269
1,SONNETnonpar,500,5,50,2,1,0.0595729701952723,1,0.05771535478762302,0.32000000000000006,0.324,0.21900000000005093
1,SONNETpar,500,5,100,2,1,0.04845261457022504,1,0.04918266464332932,0.32000000000000006,0.324,0.06300000000010186
1,SONNETWeighted,500,5,100,2,1,0.043965274606154736,1,0.04885357304779836,0.32000000000000006,0.324,0.45499999999992724
1,SONNETnonpar,500,5,100,2,1,0.04173587833643694,1,0.050429958472427705,0.32000000000000006,0.324,0.4630000000001928
1,SONNETpar,500,5,250,2,1,0.045249206551920995,1,0.048427050921962866,0.32000000000000006,0.324,0.07000000000016371
1,SONNETWeighted,500,5,250,2,1,0.03426856960085595,1,0.03551505048025405,0.32000000000000006,0.324,0.13100000000031287
1,SONNETnonpar,500,5,250,2,1,0.047917948717948744,1,0.0455346250856532,0.32000000000000006,0.324,0.7599999999997635
1,SONNETpar,500,10,0,2,1,0.036581837512154936,1,0.038897212882234244,0.32000000000000006,0.324,0.05600000000004002
1,SONNETWeighted,500,10,0,2,1,0.04031829028088357,1,0.043361355719692796,0.32000000000000006,0.324,0.05999999999994543
1,SONNETnonpar,500,10,0,2,1,0.03984693877551021,1,0.043860212790148845,0.32000000000000006,0.324,0.1750000000001819
1,SONNETpar,500,10,50,2,1,0.06728203731875898,1,0.06822877697874274,0.32000000000000006,0.324,0.05999999999994543
1,SONNETWeighted,500,10,50,2,1,0.06802628641288677,1,0.06309784001912722,0.32000000000000006,0.324,0.07100000000036744
1,SONNETnonpar,500,10,50,2,1,0.07435218365061591,1,0.0741085729310712,0.32000000000000006,0.324,0.23900000000003274
1,SONNETpar,500,10,100,2,1,0.04931655602943208,1,0.05654790170234192,0.32000000000000006,0.324,0.06700000000000728
1,SONNETWeighted,500,10,100,2,1,0.055818491583706165,1,0.06368765037191515,0.32000000000000006,0.324,0.10300000000006548
1,SONNETnonpar,500,10,100,2,1,0.06109455292908533,1,0.06559215457581347,0.32000000000000006,0.324,0.4830000000001746
1,SONNETpar,500,10,250,2,1,0.04927681062069611,1,0.04936103043816065,0.32000000000000006,0.324,0.10100000000011278
1,SONNETWeighted,500,10,250,2,1,0.029839656986608953,1,0.032581613019279754,0.32000000000000006,0.324,0.7909999999997126
1,SONNETnonpar,500,10,250,2,1,0.042580822826808196,1,0.04451914466576756,0.32000000000000006,0.324,1.206000000000131
2,NSBoot,500,0,0,2,1,0.03837034068136269,1,0.03919657046730041,0.32000000000000006,0.3149018036072144,0.07600000000002183
2,ASEpar,500,0,0,2,1,0.03516440277224803,1,0.037984245018974905,0.32000000000000006,0.3149018036072144,0.06899999999995998
2,ASEWeighted,500,0,0,2,1,0.03432259349208283,1,0.03596745707132809,0.32000000000000006,0.3149018036072144,0.4810000000002219
2,ASEnonpar,500,0,0,2,1,0.04083887775551098,1,0.04044539814091497,0.32000000000000006,0.3149018036072144,0.40599999999994907
2,SONNETpar,500,2,0,2,1,0.03246537652771364,1,0.03369607060995372,0.32000000000000006,0.3149018036072144,0.068000000000211
2,SONNETWeighted,500,2,0,2,1,0.036212004938645126,1,0.03706745288639013,0.32000000000000006,0.3149018036072144,0.09999999999990905
2,SONNETnonpar,500,2,0,2,1,0.03843855421686748,1,0.041626005042579295,0.32000000000000006,0.3149018036072144,0.5189999999997781
2,SONNETpar,500,2,50,2,1,0.03656189221068562,1,0.034426014711171904,0.32000000000000006,0.3149018036072144,0.0660000000002583
2,SONNETWeighted,500,2,50,2,1,0.0331183369821218,1,0.036780973532096195,0.32000000000000006,0.3149018036072144,0.10500000000001819
2,SONNETnonpar,500,2,50,2,1,0.03361877903118782,1,0.03775255469366323,0.32000000000000006,0.3149018036072144,0.20000000000027285
2,SONNETpar,500,2,100,2,1,0.03539302595869509,1,0.03821829405059096,0.32000000000000006,0.3149018036072144,0.06500000000005457
2,SONNETWeighted,500,2,100,2,1,0.03414780938158307,1,0.03981427547689265,0.32000000000000006,0.3149018036072144,0.47299999999995634
2,SONNETnonpar,500,2,100,2,1,0.037471014492753585,1,0.04207147438851955,0.32000000000000006,0.3149018036072144,0.38499999999976353
2,SONNETpar,500,2,250,2,1,0.042332916862874215,1,0.04284431647849307,0.32000000000000006,0.3149018036072144,0.08100000000013097
2,SONNETWeighted,500,2,250,2,1,0.03329524226835767,1,0.03453593168333613,0.32000000000000006,0.3149018036072144,0.5410000000001673
2,SONNETnonpar,500,2,250,2,1,0.037162745098039296,1,0.0397933081749513,0.32000000000000006,0.3149018036072144,0.5900000000001455
2,SONNETpar,500,5,0,2,1,0.03436228597619595,1,0.03635237022140403,0.32000000000000006,0.3149018036072144,0.07400000000006912
2,SONNETWeighted,500,5,0,2,1,0.039513444391205965,1,0.04070237206020866,0.32000000000000006,0.3149018036072144,0.07300000000032014
2,SONNETnonpar,500,5,0,2,1,0.03507878787878782,1,0.034257806015108194,0.32000000000000006,0.3149018036072144,0.15999999999985448
2,SONNETpar,500,5,50,2,1,0.05180037243194524,1,0.04993158872611059,0.32000000000000006,0.3149018036072144,0.06999999999970896
2,SONNETWeighted,500,5,50,2,1,0.048352717750204,1,0.051048564043769784,0.32000000000000006,0.3149018036072144,0.08699999999998909
2,SONNETnonpar,500,5,50,2,1,0.050288797533401874,1,0.04858067553814027,0.32000000000000006,0.3149018036072144,0.39099999999962165
2,SONNETpar,500,5,100,2,1,0.04315043662240431,1,0.04948539191934709,0.32000000000000006,0.3149018036072144,0.07000000000016371
2,SONNETWeighted,500,5,100,2,1,0.043858458178104576,1,0.0475935375118105,0.32000000000000006,0.3149018036072144,0.11099999999987631
2,SONNETnonpar,500,5,100,2,1,0.04572191185598995,1,0.04577812800665548,0.32000000000000006,0.3149018036072144,0.47400000000016007
2,SONNETpar,500,5,250,2,1,0.04684026363631988,1,0.04620353629153673,0.32000000000000006,0.3149018036072144,0.1459999999997308
2,SONNETWeighted,500,5,250,2,1,0.03248978629675475,1,0.031573977924202246,0.32000000000000006,0.3149018036072144,0.8490000000001601
2,SONNETnonpar,500,5,250,2,1,0.04494838350055741,1,0.05074152731984838,0.32000000000000006,0.3149018036072144,0.6570000000001528
2,SONNETpar,500,10,0,2,1,0.04045798746794871,1,0.04313124031826787,0.32000000000000006,0.3149018036072144,0.06400000000030559
2,SONNETWeighted,500,10,0,2,1,0.0380527333252868,1,0.041911754592693806,0.32000000000000006,0.3149018036072144,0.07899999999972351
2,SONNETnonpar,500,10,0,2,1,0.0396897959183673,1,0.040421252201094715,0.32000000000000006,0.3149018036072144,0.18999999999959982
2,SONNETpar,500,10,50,2,1,0.060539668465246166,1,0.06391990565980787,0.32000000000000006,0.3149018036072144,0.06999999999970896
2,SONNETWeighted,500,10,50,2,1,0.053327256810885404,1,0.058632454225210795,0.32000000000000006,0.3149018036072144,0.08100000000013097
2,SONNETnonpar,500,10,50,2,1,0.06077827547592385,1,0.06806346583972323,0.32000000000000006,0.3149018036072144,0.4790000000002692
2,SONNETpar,500,10,100,2,1,0.06168953419558454,1,0.06688938145886647,0.32000000000000006,0.3149018036072144,0.09899999999970532
2,SONNETWeighted,500,10,100,2,1,0.04920568034652878,1,0.051073884938890646,0.32000000000000006,0.3149018036072144,0.13299999999981083
2,SONNETnonpar,500,10,100,2,1,0.059814234326824256,1,0.06499732764337607,0.32000000000000006,0.3149018036072144,0.4940000000001419
2,SONNETpar,500,10,250,2,1,0.053538836268473944,1,0.05871631346285511,0.32000000000000006,0.3149018036072144,0.11799999999993815
2,SONNETWeighted,500,10,250,2,1,0.03414113854684031,1,0.036171356528334364,0.32000000000000006,0.3149018036072144,0.7789999999999964
2,SONNETnonpar,500,10,250,2,1,0.04942163238221631,1,0.05134238185747508,0.32000000000000006,0.3149018036072144,1.2730000000001382
3,NSBoot,500,0,0,2,1,0.03816633266533059,1,0.037848037094865616,0.32000000000000006,0.3025971943887776,0.07400000000006912
3,ASEpar,500,0,0,2,1,0.035448743219815004,1,0.0359932335692601,0.32000000000000006,0.3025971943887776,0.06099999999969441
3,ASEWeighted,500,0,0,2,0,0.033657671045077775,0,0.03412735651499532,0.32000000000000006,0.3025971943887776,0.525000000000091
3,ASEnonpar,500,0,0,2,1,0.037410420841683334,1,0.03980623813575601,0.32000000000000006,0.3025971943887776,0.2319999999999709
3,SONNETpar,500,2,0,2,0,0.038372079042893636,1,0.04205198101959051,0.32000000000000006,0.3025971943887776,0.06400000000030559
3,SONNETWeighted,500,2,0,2,1,0.040410153351081,1,0.042726743716526294,0.32000000000000006,0.3025971943887776,0.06999999999970896
3,SONNETnonpar,500,2,0,2,0,0.03349518072289154,1,0.0362979120910365,0.32000000000000006,0.3025971943887776,0.375
3,SONNETpar,500,2,50,2,1,0.03691241561208014,1,0.03826681705098334,0.32000000000000006,0.3025971943887776,0.06199999999989814
3,SONNETWeighted,500,2,50,2,0,0.03248618611326004,0,0.03349841858354208,0.32000000000000006,0.3025971943887776,0.13300000000026557
3,SONNETnonpar,500,2,50,2,0,0.03424518911745189,0,0.037078973809893556,0.32000000000000006,0.3025971943887776,0.4270000000001346
3,SONNETpar,500,2,100,2,1,0.03787812203475338,1,0.041311922118316025,0.32000000000000006,0.3025971943887776,0.1269999999999527
3,SONNETWeighted,500,2,100,2,1,0.036828438092814,1,0.03911961927070884,0.32000000000000006,0.3025971943887776,0.09799999999995634
3,SONNETnonpar,500,2,100,2,1,0.03739966555183949,1,0.04193179344306308,0.32000000000000006,0.3025971943887776,0.21900000000005093
3,SONNETpar,500,2,250,2,1,0.037969548815109555,0,0.03783503833627044,0.32000000000000006,0.3025971943887776,0.06599999999980355
3,SONNETWeighted,500,2,250,2,0,0.02900515976132484,0,0.030033557564911884,0.32000000000000006,0.3025971943887776,0.11900000000014188
3,SONNETnonpar,500,2,250,2,1,0.0413864527629233,1,0.044828795465024274,0.32000000000000006,0.3025971943887776,0.2719999999999345
3,SONNETpar,500,5,0,2,1,0.03271040221614119,1,0.03685595812024445,0.32000000000000006,0.3025971943887776,0.05300000000033833
3,SONNETWeighted,500,5,0,2,1,0.03620428977693163,1,0.03662031793275844,0.32000000000000006,0.3025971943887776,0.06700000000000728
3,SONNETnonpar,500,5,0,2,1,0.0406686868686868,1,0.044000800056614664,0.32000000000000006,0.3025971943887776,0.15100000000029468
3,SONNETpar,500,5,50,2,1,0.048634613582310526,1,0.047459862780665385,0.32000000000000006,0.3025971943887776,0.06000000000040018
3,SONNETWeighted,500,5,50,2,1,0.047505853151359245,1,0.0478990100821679,0.32000000000000006,0.3025971943887776,0.06700000000000728
3,SONNETnonpar,500,5,50,2,1,0.05636690647482012,1,0.05423639063286145,0.32000000000000006,0.3025971943887776,0.20299999999997453
3,SONNETpar,500,5,100,2,1,0.05527856154116495,1,0.05390428745839515,0.32000000000000006,0.3025971943887776,0.06500000000005457
3,SONNETWeighted,500,5,100,2,1,0.042936633254694545,1,0.04419225808218186,0.32000000000000006,0.3025971943887776,0.09700000000020736
3,SONNETnonpar,500,5,100,2,1,0.05633116076970823,1,0.052368446526268486,0.32000000000000006,0.3025971943887776,0.41400000000021464
3,SONNETpar,500,5,250,2,1,0.03989254132129211,1,0.04043080327319637,0.32000000000000006,0.3025971943887776,0.07799999999997453
3,SONNETWeighted,500,5,250,2,0,0.02910099434196517,0,0.028727900534942674,0.32000000000000006,0.3025971943887776,0.5180000000000291
3,SONNETnonpar,500,5,250,2,1,0.045268338907469285,1,0.043907556448095963,0.32000000000000006,0.3025971943887776,0.7519999999999527
3,SONNETpar,500,10,0,2,0,0.03404169013717745,0,0.03617538143050725,0.32000000000000006,0.3025971943887776,0.05500000000029104
3,SONNETWeighted,500,10,0,2,0,0.03553341825950734,1,0.03753562436777824,0.32000000000000006,0.3025971943887776,0.06099999999969441
3,SONNETnonpar,500,10,0,2,0,0.033563265306122414,0,0.037412529223326385,0.32000000000000006,0.3025971943887776,0.1750000000001819
3,SONNETpar,500,10,50,2,1,0.06005680910053646,1,0.06038105934299964,0.32000000000000006,0.3025971943887776,0.05999999999994543
3,SONNETWeighted,500,10,50,2,1,0.05496637087021877,1,0.057562368703579336,0.32000000000000006,0.3025971943887776,0.07800000000042928
3,SONNETnonpar,500,10,50,2,1,0.05857110862262038,1,0.062435940366378895,0.32000000000000006,0.3025971943887776,0.24200000000018917
3,SONNETpar,500,10,100,2,1,0.060867144121098504,1,0.057969205374170274,0.32000000000000006,0.3025971943887776,0.06500000000005457
3,SONNETWeighted,500,10,100,2,1,0.04789487226290101,1,0.049444787660356204,0.32000000000000006,0.3025971943887776,0.46499999999969077
3,SONNETnonpar,500,10,100,2,1,0.051976361767728685,1,0.054292254308790366,0.32000000000000006,0.3025971943887776,0.5259999999998399
3,SONNETpar,500,10,250,2,1,0.04669510612609895,1,0.049192722738814365,0.32000000000000006,0.3025971943887776,0.11299999999982901
3,SONNETWeighted,500,10,250,2,0,0.033655932402157196,0,0.03338472243656987,0.32000000000000006,0.3025971943887776,0.6900000000000546
3,SONNETnonpar,500,10,250,2,1,0.04900059721300598,1,0.047839060930496946,0.32000000000000006,0.3025971943887776,1.2869999999998072
4,NSBoot,500,0,0,2,1,0.03955951903807614,1,0.04117064413910121,0.32000000000000006,0.31882164328657314,0.09799999999995634
4,ASEpar,500,0,0,2,1,0.032933139991521476,1,0.0342090017923643,0.32000000000000006,0.31882164328657314,0.2480000000000473
4,ASEWeighted,500,0,0,2,1,0.04055244018600046,1,0.04175090931336278,0.32000000000000006,0.31882164328657314,0.09499999999979991
4,ASEnonpar,500,0,0,2,1,0.036998196392785565,1,0.037501978002878356,0.32000000000000006,0.31882164328657314,0.5989999999997053
4,SONNETpar,500,2,0,2,1,0.037453029450524866,1,0.03880581265224492,0.32000000000000006,0.31882164328657314,0.053999999999632564
4,SONNETWeighted,500,2,0,2,1,0.04128930869270564,1,0.04075574601309029,0.32000000000000006,0.31882164328657314,0.06899999999995998
4,SONNETnonpar,500,2,0,2,1,0.03999076305220883,1,0.04036676900017011,0.32000000000000006,0.31882164328657314,0.18800000000010186
4,SONNETpar,500,2,50,2,1,0.03645821870292554,1,0.03871178541123077,0.32000000000000006,0.31882164328657314,0.05999999999994543
4,SONNETWeighted,500,2,50,2,1,0.034802671157499576,1,0.04047400972470583,0.32000000000000006,0.31882164328657314,0.4570000000003347
4,SONNETnonpar,500,2,50,2,1,0.03833311214333113,1,0.03916555072930994,0.32000000000000006,0.31882164328657314,0.5039999999999054
4,SONNETpar,500,2,100,2,1,0.03853961536161665,1,0.042887165767779956,0.32000000000000006,0.31882164328657314,0.062000000000352884
4,SONNETWeighted,500,2,100,2,1,0.032483651300241556,1,0.035758019066084,0.32000000000000006,0.31882164328657314,0.09999999999990905
4,SONNETnonpar,500,2,100,2,1,0.03871599777034551,1,0.03971199082938659,0.32000000000000006,0.31882164328657314,0.21500000000014552
4,SONNETpar,500,2,250,2,1,0.03907331871632058,1,0.04015124795341107,0.32000000000000006,0.31882164328657314,0.06100000000014916
4,SONNETWeighted,500,2,250,2,1,0.03550996066182899,1,0.03757649386052653,0.32000000000000006,0.31882164328657314,0.47699999999986176
4,SONNETnonpar,500,2,250,2,1,0.039925490196078384,1,0.04131632388677886,0.32000000000000006,0.31882164328657314,0.29399999999986903
4,SONNETpar,500,5,0,2,1,0.0356597997528163,1,0.03866164985325671,0.32000000000000006,0.31882164328657314,0.05499999999983629
4,SONNETWeighted,500,5,0,2,1,0.03917326088970069,1,0.040365528763501635,0.32000000000000006,0.31882164328657314,0.06100000000014916
4,SONNETnonpar,500,5,0,2,1,0.04008787878787878,1,0.0430857364315661,0.32000000000000006,0.31882164328657314,0.15000000000009095
4,SONNETpar,500,5,50,2,1,0.0559241717364391,1,0.05476584007575325,0.32000000000000006,0.31882164328657314,0.05400000000008731
4,SONNETWeighted,500,5,50,2,1,0.04657894233247861,1,0.04719975268732268,0.32000000000000006,0.31882164328657314,0.06700000000000728
4,SONNETnonpar,500,5,50,2,1,0.05223278520041108,1,0.05298252520883495,0.32000000000000006,0.31882164328657314,0.20299999999997453
4,SONNETpar,500,5,100,2,1,0.045111826422957635,1,0.05260199555399636,0.32000000000000006,0.31882164328657314,0.057999999999992724
4,SONNETWeighted,500,5,100,2,1,0.0454169144585696,1,0.0490867986122705,0.32000000000000006,0.31882164328657314,0.09600000000000364
4,SONNETnonpar,500,5,100,2,1,0.05089664804469274,1,0.05310058633925063,0.32000000000000006,0.31882164328657314,0.4679999999998472
4,SONNETpar,500,5,250,2,1,0.03995253784646968,1,0.040051779863381154,0.32000000000000006,0.31882164328657314,0.07100000000036744
4,SONNETWeighted,500,5,250,2,1,0.03759153388232156,1,0.040832065950138885,0.32000000000000006,0.31882164328657314,0.5029999999997017
4,SONNETnonpar,500,5,250,2,1,0.04122218506131553,1,0.043301763995706954,0.32000000000000006,0.31882164328657314,0.6469999999999345
4,SONNETpar,500,10,0,2,1,0.03699566911209806,1,0.04027694301042595,0.32000000000000006,0.31882164328657314,0.05499999999983629
4,SONNETWeighted,500,10,0,2,1,0.04035743598760283,1,0.04209443423136705,0.32000000000000006,0.31882164328657314,0.06199999999989814
4,SONNETnonpar,500,10,0,2,1,0.04801836734693876,1,0.0468553528910689,0.32000000000000006,0.31882164328657314,0.18100000000004002
4,SONNETpar,500,10,50,2,1,0.0749420530091085,1,0.07925601405779092,0.32000000000000006,0.31882164328657314,0.05600000000004002
4,SONNETWeighted,500,10,50,2,1,0.0572356880203439,1,0.06212175452421764,0.32000000000000006,0.31882164328657314,0.07000000000016371
4,SONNETnonpar,500,10,50,2,1,0.06443337066069427,1,0.07080703531897903,0.32000000000000006,0.31882164328657314,0.24699999999984357
4,SONNETpar,500,10,100,2,1,0.04951089518946117,1,0.056415825326594615,0.32000000000000006,0.31882164328657314,0.06199999999989814
4,SONNETWeighted,500,10,100,2,1,0.05249962401751662,1,0.056409116434203654,0.32000000000000006,0.31882164328657314,0.10799999999971988
4,SONNETnonpar,500,10,100,2,1,0.053887975334018456,1,0.057753982857368547,0.32000000000000006,0.31882164328657314,0.49099999999998545
4,SONNETpar,500,10,250,2,1,0.05484177513702332,1,0.05652399479465575,0.32000000000000006,0.31882164328657314,0.10300000000006548
4,SONNETWeighted,500,10,250,2,1,0.03360665754378145,1,0.03564854933447814,0.32000000000000006,0.31882164328657314,0.5820000000003347
4,SONNETnonpar,500,10,250,2,1,0.04607013934970133,1,0.053792229787313905,0.32000000000000006,0.31882164328657314,1.306999999999789
5,NSBoot,500,0,0,2,1,0.036185771543086165,1,0.03806531839708005,0.32000000000000006,0.3228697394789579,0.1000000000003638
5,ASEpar,500,0,0,2,1,0.045536482248042576,1,0.0498137259053103,0.32000000000000006,0.3228697394789579,0.2300000000000182
5,ASEWeighted,500,0,0,2,1,0.03747832211094454,1,0.036701718893628055,0.32000000000000006,0.3228697394789579,0.09699999999975262
5,ASEnonpar,500,0,0,2,1,0.04178637274549091,1,0.04231128280930041,0.32000000000000006,0.3228697394789579,0.21500000000014552
5,SONNETpar,500,2,0,2,1,0.03930017674294495,1,0.04098110863963411,0.32000000000000006,0.3228697394789579,0.05499999999983629
5,SONNETWeighted,500,2,0,2,1,0.04088579580684104,1,0.04195683872863887,0.32000000000000006,0.3228697394789579,0.07099999999991269
5,SONNETnonpar,500,2,0,2,1,0.03611325301204826,1,0.03994494833034645,0.32000000000000006,0.3228697394789579,0.375
5,SONNETpar,500,2,50,2,1,0.039338723656639485,1,0.04070651660480529,0.32000000000000006,0.3228697394789579,0.058999999999741704
5,SONNETWeighted,500,2,50,2,1,0.04406604835139494,1,0.043725539111328704,0.32000000000000006,0.3228697394789579,0.0909999999998945
5,SONNETnonpar,500,2,50,2,1,0.049705706702057095,1,0.048853547556144905,0.32000000000000006,0.3228697394789579,0.19800000000032014
5,SONNETpar,500,2,100,2,1,0.03726065864087902,1,0.039942090081478754,0.32000000000000006,0.3228697394789579,0.056999999999789
5,SONNETWeighted,500,2,100,2,1,0.0361396801795279,1,0.039509099392006974,0.32000000000000006,0.3228697394789579,0.45499999999992724
5,SONNETnonpar,500,2,100,2,1,0.03987402452619837,1,0.04326351228063918,0.32000000000000006,0.3228697394789579,0.20699999999987995
5,SONNETpar,500,2,250,2,1,0.042179440491162956,1,0.04451578932592981,0.32000000000000006,0.3228697394789579,0.062000000000352884
5,SONNETWeighted,500,2,250,2,1,0.03065540865167604,1,0.03231084234972548,0.32000000000000006,0.3228697394789579,0.11599999999998545
5,SONNETnonpar,500,2,250,2,1,0.0405565062388592,1,0.042163284244911114,0.32000000000000006,0.3228697394789579,0.44099999999980355
5,SONNETpar,500,5,0,2,1,0.04073837250550855,1,0.04164247905280438,0.32000000000000006,0.3228697394789579,0.052999999999883585
5,SONNETWeighted,500,5,0,2,1,0.042432592591820084,1,0.045308471518875515,0.32000000000000006,0.3228697394789579,0.06599999999980355
5,SONNETnonpar,500,5,0,2,1,0.04969797979797974,1,0.04603240430924804,0.32000000000000006,0.3228697394789579,0.15300000000024738
5,SONNETpar,500,5,50,2,1,0.05000503593372607,1,0.05173500957696875,0.32000000000000006,0.3228697394789579,0.05400000000008731
5,SONNETWeighted,500,5,50,2,1,0.04142941504906894,1,0.04016645893551862,0.32000000000000006,0.3228697394789579,0.07200000000011642
5,SONNETnonpar,500,5,50,2,1,0.048752312435765666,1,0.053468622116388476,0.32000000000000006,0.3228697394789579,0.19700000000011642
5,SONNETpar,500,5,100,2,1,0.057831035440765455,1,0.059873492750221136,0.32000000000000006,0.3228697394789579,0.05999999999994543
5,SONNETWeighted,500,5,100,2,1,0.04399352982353638,1,0.04337127150529785,0.32000000000000006,0.3228697394789579,0.4659999999998945
5,SONNETnonpar,500,5,100,2,1,0.043638423339540655,1,0.0486153613642305,0.32000000000000006,0.3228697394789579,0.45600000000013097
5,SONNETpar,500,5,250,2,1,0.04926743156006841,1,0.05036042849356104,0.32000000000000006,0.3228697394789579,0.068000000000211
5,SONNETWeighted,500,5,250,2,1,0.03478524362803326,1,0.0395472601295076,0.32000000000000006,0.3228697394789579,0.5040000000003602
5,SONNETnonpar,500,5,250,2,1,0.04285250836120402,1,0.042557928971872716,0.32000000000000006,0.3228697394789579,0.6010000000001128
5,SONNETpar,500,10,0,2,1,0.03937569309879918,1,0.04131362074531397,0.32000000000000006,0.3228697394789579,0.052000000000134605
5,SONNETWeighted,500,10,0,2,1,0.04005573129375606,1,0.042566725121839455,0.32000000000000006,0.3228697394789579,0.057999999999992724
5,SONNETnonpar,500,10,0,2,1,0.041753061224489796,1,0.04290213704444967,0.32000000000000006,0.3228697394789579,0.1770000000001346
5,SONNETpar,500,10,50,2,1,0.06702771914359273,1,0.07257832731449676,0.32000000000000006,0.3228697394789579,0.06500000000005457
5,SONNETWeighted,500,10,50,2,1,0.06816070188236223,1,0.06810147141416789,0.32000000000000006,0.3228697394789579,0.07699999999977081
5,SONNETnonpar,500,10,50,2,1,0.07043281075027996,1,0.07465480301991656,0.32000000000000006,0.3228697394789579,0.24399999999968713
5,SONNETpar,500,10,100,2,1,0.0686384203563351,1,0.07060454452539966,0.32000000000000006,0.3228697394789579,0.10199999999986176
5,SONNETWeighted,500,10,100,2,1,0.0533811271651472,1,0.053910584783046556,0.32000000000000006,0.3228697394789579,0.10400000000026921
5,SONNETnonpar,500,10,100,2,1,0.06943679342240489,1,0.06641446857676869,0.32000000000000006,0.3228697394789579,0.3249999999998181
5,SONNETpar,500,10,250,2,1,0.04924973203523453,1,0.05138892970736686,0.32000000000000006,0.3228697394789579,0.09700000000020736
5,SONNETWeighted,500,10,250,2,1,0.03700800109401475,1,0.03576852848560186,0.32000000000000006,0.3228697394789579,1.5219999999999345
5,SONNETnonpar,500,10,250,2,1,0.040616788321167885,1,0.04883837875556607,0.32000000000000006,0.3228697394789579,1.1739999999999782
6,NSBoot,500,0,0,2,1,0.04533306613226451,1,0.04112088966857719,0.32000000000000006,0.32052905811623245,0.07200000000011642
6,ASEpar,500,0,0,2,1,0.035115711872693356,1,0.03995973928250318,0.32000000000000006,0.32052905811623245,0.2250000000003638
6,ASEWeighted,500,0,0,2,1,0.040716376310248104,1,0.04159715910780859,0.32000000000000006,0.32052905811623245,0.09799999999995634
6,ASEnonpar,500,0,0,2,1,0.04059018036072143,1,0.040802858441469914,0.32000000000000006,0.32052905811623245,0.39900000000034197
6,SONNETpar,500,2,0,2,1,0.03642755208819348,1,0.03771446621640118,0.32000000000000006,0.32052905811623245,0.058999999999741704
6,SONNETWeighted,500,2,0,2,1,0.04156138227987716,1,0.03994900484902508,0.32000000000000006,0.32052905811623245,0.0729999999998654
6,SONNETnonpar,500,2,0,2,1,0.03645823293172684,1,0.03726541074401546,0.32000000000000006,0.32052905811623245,0.362999999999829
6,SONNETpar,500,2,50,2,1,0.036531205962187674,1,0.03756559580837138,0.32000000000000006,0.32052905811623245,0.058999999999741704
6,SONNETWeighted,500,2,50,2,1,0.03963299987040103,1,0.04100082396075366,0.32000000000000006,0.32052905811623245,0.10799999999971988
6,SONNETnonpar,500,2,50,2,1,0.0401811546118116,1,0.04047935562302485,0.32000000000000006,0.32052905811623245,0.45100000000002183
6,SONNETpar,500,2,100,2,1,0.044663842906497,1,0.048731034882879665,0.32000000000000006,0.32052905811623245,0.06599999999980355
6,SONNETWeighted,500,2,100,2,1,0.034018086297631644,1,0.03700561747037323,0.32000000000000006,0.32052905811623245,0.09200000000009823
6,SONNETnonpar,500,2,100,2,1,0.03688628762541801,1,0.040088206282634986,0.32000000000000006,0.32052905811623245,0.22600000000011278
6,SONNETpar,500,2,250,2,1,0.04083852561636059,1,0.04180492254422197,0.32000000000000006,0.32052905811623245,0.06599999999980355
6,SONNETWeighted,500,2,250,2,1,0.03383033518816042,1,0.03471759178133882,0.32000000000000006,0.32052905811623245,0.10799999999971988
6,SONNETnonpar,500,2,250,2,1,0.03873511586452766,1,0.041927166732226184,0.32000000000000006,0.32052905811623245,0.431999999999789
6,SONNETpar,500,5,0,2,1,0.044312593643518305,1,0.04452028143897235,0.32000000000000006,0.32052905811623245,0.05300000000033833
6,SONNETWeighted,500,5,0,2,1,0.03931192023944491,1,0.041553028985432894,0.32000000000000006,0.32052905811623245,0.06099999999969441
6,SONNETnonpar,500,5,0,2,1,0.040948484848484845,1,0.038659011041800806,0.32000000000000006,0.32052905811623245,0.14699999999993452
6,SONNETpar,500,5,50,2,1,0.052453359542520395,1,0.05508495510392353,0.32000000000000006,0.32052905811623245,0.05499999999983629
6,SONNETWeighted,500,5,50,2,1,0.04433777991783683,1,0.044833529469074374,0.32000000000000006,0.32052905811623245,0.07000000000016371
6,SONNETnonpar,500,5,50,2,1,0.045723021582733725,1,0.04916065908356082,0.32000000000000006,0.32052905811623245,0.24299999999993815
6,SONNETpar,500,5,100,2,1,0.05231731331351552,1,0.05380833648657435,0.32000000000000006,0.32052905811623245,0.09900000000016007
6,SONNETWeighted,500,5,100,2,1,0.043909765961707314,1,0.04687876782023559,0.32000000000000006,0.32052905811623245,0.0909999999998945
6,SONNETnonpar,500,5,100,2,1,0.056544692737430124,1,0.05627376252641103,0.32000000000000006,0.32052905811623245,0.3920000000002801
6,SONNETpar,500,5,250,2,1,0.04882792371136041,1,0.04918470745733161,0.32000000000000006,0.32052905811623245,0.06299999999964712
6,SONNETWeighted,500,5,250,2,1,0.030661138780012087,1,0.03153455788864168,0.32000000000000006,0.32052905811623245,0.13599999999996726
6,SONNETnonpar,500,5,250,2,1,0.04182630992196207,1,0.0439956654154573,0.32000000000000006,0.32052905811623245,0.5630000000001019
6,SONNETpar,500,10,0,2,1,0.03473091101391479,1,0.03689362458316958,0.32000000000000006,0.32052905811623245,0.08799999999973807
6,SONNETWeighted,500,10,0,2,1,0.03988709401465418,1,0.04216148967567346,0.32000000000000006,0.32052905811623245,0.056999999999789
6,SONNETnonpar,500,10,0,2,1,0.03707142857142853,1,0.037204801466664605,0.32000000000000006,0.32052905811623245,0.16699999999991633
6,SONNETpar,500,10,50,2,1,0.06710091538443891,1,0.07074019700801548,0.32000000000000006,0.32052905811623245,0.05500000000029104
6,SONNETWeighted,500,10,50,2,1,0.057352613886230475,1,0.060019110736106884,0.32000000000000006,0.32052905811623245,0.06799999999975626
6,SONNETnonpar,500,10,50,2,1,0.060213325867861156,1,0.06630345700964191,0.32000000000000006,0.32052905811623245,0.2270000000003165
6,SONNETpar,500,10,100,2,1,0.06486247793746203,1,0.06956519295353036,0.32000000000000006,0.32052905811623245,0.06300000000010186
6,SONNETWeighted,500,10,100,2,1,0.055350820147511026,1,0.062099872169037895,0.32000000000000006,0.32052905811623245,0.09799999999995634
6,SONNETnonpar,500,10,100,2,1,0.059365621788283696,1,0.06425708023896681,0.32000000000000006,0.32052905811623245,0.47899999999981446
6,SONNETpar,500,10,250,2,1,0.04447583055191673,1,0.05239928454674936,0.32000000000000006,0.32052905811623245,0.09899999999970532
6,SONNETWeighted,500,10,250,2,1,0.04047694114180306,1,0.04015409659103697,0.32000000000000006,0.32052905811623245,1.1480000000001382
6,SONNETnonpar,500,10,250,2,1,0.04737551426675518,1,0.05257773032545954,0.32000000000000006,0.32052905811623245,1.2709999999997308
7,NSBoot,500,0,0,2,1,0.03535050100200399,1,0.03654800344294773,0.32000000000000006,0.3071422845691383,0.12400000000025102
7,ASEpar,500,0,0,2,1,0.039922937518978185,1,0.04225326688122499,0.32000000000000006,0.3071422845691383,0.23299999999971988
7,ASEWeighted,500,0,0,2,1,0.032857434498274274,1,0.03920992797685274,0.32000000000000006,0.3071422845691383,0.09799999999995634
7,ASEnonpar,500,0,0,2,1,0.035294989979959834,1,0.03686668838555329,0.32000000000000006,0.3071422845691383,0.5289999999999964
7,SONNETpar,500,2,0,2,1,0.039468038775513525,1,0.038291766185194476,0.32000000000000006,0.3071422845691383,0.057000000000243745
7,SONNETWeighted,500,2,0,2,1,0.03776215524485993,1,0.03933812152462279,0.32000000000000006,0.3071422845691383,0.10400000000026921
7,SONNETnonpar,500,2,0,2,1,0.040163052208835315,1,0.040995582910649975,0.32000000000000006,0.3071422845691383,0.4679999999998472
7,SONNETpar,500,2,50,2,1,0.043064352971210085,1,0.04562286243138325,0.32000000000000006,0.3071422845691383,0.06400000000030559
7,SONNETWeighted,500,2,50,2,1,0.034043135835574,1,0.036952714621145466,0.32000000000000006,0.3071422845691383,0.10600000000022192
7,SONNETnonpar,500,2,50,2,1,0.03743662906436629,1,0.03824761135136656,0.32000000000000006,0.3071422845691383,0.23700000000008004
7,SONNETpar,500,2,100,2,1,0.039797313545521185,1,0.044857598559792544,0.32000000000000006,0.3071422845691383,0.057000000000243745
7,SONNETWeighted,500,2,100,2,1,0.03477114713596047,1,0.03597418884015857,0.32000000000000006,0.3071422845691383,0.10099999999965803
7,SONNETnonpar,500,2,100,2,1,0.04259030100334443,1,0.04460019643697011,0.32000000000000006,0.3071422845691383,0.20899999999983265
7,SONNETpar,500,2,250,2,1,0.04210818286316964,1,0.04238479469403267,0.32000000000000006,0.3071422845691383,0.06100000000014916
7,SONNETWeighted,500,2,250,2,1,0.03248444642704729,1,0.03398458137520355,0.32000000000000006,0.3071422845691383,0.10799999999971988
7,SONNETnonpar,500,2,250,2,1,0.03828253119429592,1,0.041412750906041906,0.32000000000000006,0.3071422845691383,0.45499999999992724
7,SONNETpar,500,5,0,2,1,0.03489537476015808,1,0.03968385381668704,0.32000000000000006,0.3071422845691383,0.08800000000019281
7,SONNETWeighted,500,5,0,2,1,0.04137084106294159,1,0.04383300180142902,0.32000000000000006,0.3071422845691383,0.06400000000030559
7,SONNETnonpar,500,5,0,2,1,0.03876565656565656,1,0.04021512390509785,0.32000000000000006,0.3071422845691383,0.1449999999999818
7,SONNETpar,500,5,50,2,1,0.04717630460361405,1,0.04681289062855365,0.32000000000000006,0.3071422845691383,0.09200000000009823
7,SONNETWeighted,500,5,50,2,1,0.05179199060387196,1,0.05440439289300181,0.32000000000000006,0.3071422845691383,0.07099999999991269
7,SONNETnonpar,500,5,50,2,1,0.049044707091469686,1,0.05021212834675237,0.32000000000000006,0.3071422845691383,0.22800000000006548
7,SONNETpar,500,5,100,2,1,0.05417367240453097,1,0.05348161507862592,0.32000000000000006,0.3071422845691383,0.06100000000014916
7,SONNETWeighted,500,5,100,2,1,0.03705100544128842,1,0.040261230174787,0.32000000000000006,0.3071422845691383,0.44699999999966167
7,SONNETnonpar,500,5,100,2,1,0.04620391061452517,1,0.049881775807463224,0.32000000000000006,0.3071422845691383,0.2739999999998872
7,SONNETpar,500,5,250,2,1,0.044399032227918966,1,0.04891695011618813,0.32000000000000006,0.3071422845691383,0.07100000000036744
7,SONNETWeighted,500,5,250,2,1,0.03241681272916819,1,0.03688384624554497,0.32000000000000006,0.3071422845691383,0.17000000000007276
7,SONNETnonpar,500,5,250,2,1,0.04986477146042362,1,0.04707680838873762,0.32000000000000006,0.3071422845691383,0.6059999999997672
7,SONNETpar,500,10,0,2,1,0.03987662402649489,1,0.03880469969122802,0.32000000000000006,0.3071422845691383,0.057000000000243745
7,SONNETWeighted,500,10,0,2,1,0.03749474818075327,1,0.03907960819814427,0.32000000000000006,0.3071422845691383,0.057999999999992724
7,SONNETnonpar,500,10,0,2,1,0.03635918367346941,1,0.03387803022070934,0.32000000000000006,0.3071422845691383,0.16699999999991633
7,SONNETpar,500,10,50,2,1,0.06516115240897336,1,0.06998225862373664,0.32000000000000006,0.3071422845691383,0.05600000000004002
7,SONNETWeighted,500,10,50,2,1,0.06163061810818493,1,0.06808789226461709,0.32000000000000006,0.3071422845691383,0.06999999999970896
7,SONNETnonpar,500,10,50,2,1,0.07872172452407611,1,0.07671382520217951,0.32000000000000006,0.3071422845691383,0.2290000000002692
7,SONNETpar,500,10,100,2,1,0.056881914819776114,1,0.0609912844939402,0.32000000000000006,0.3071422845691383,0.06199999999989814
7,SONNETWeighted,500,10,100,2,1,0.04687114402370118,1,0.05145971297287488,0.32000000000000006,0.3071422845691383,0.1069999999999709
7,SONNETnonpar,500,10,100,2,1,0.0620796505652621,1,0.06319430316933905,0.32000000000000006,0.3071422845691383,0.5489999999999782
7,SONNETpar,500,10,250,2,1,0.05038471069800504,1,0.056994164327641705,0.32000000000000006,0.3071422845691383,0.10500000000001819
7,SONNETWeighted,500,10,250,2,1,0.034992775355299766,1,0.03692339263564137,0.32000000000000006,0.3071422845691383,0.5630000000001019
7,SONNETnonpar,500,10,250,2,1,0.037749834107498326,1,0.040193392591792,0.32000000000000006,0.3071422845691383,1.0890000000003965
8,NSBoot,500,0,0,2,1,0.04274909819639272,1,0.040847826763420136,0.32000000000000006,0.3115270541082164,0.07400000000006912
8,ASEpar,500,0,0,2,1,0.034220984472852156,1,0.03785788320323902,0.32000000000000006,0.3115270541082164,0.06100000000014916
8,ASEWeighted,500,0,0,2,1,0.03943551012999197,1,0.04110711000259537,0.32000000000000006,0.3115270541082164,0.5399999999999636
8,ASEnonpar,500,0,0,2,1,0.04606633266533061,1,0.04557047231440048,0.32000000000000006,0.3115270541082164,0.21199999999998909
8,SONNETpar,500,2,0,2,1,0.035349081645151326,1,0.03734549890546757,0.32000000000000006,0.3115270541082164,0.05400000000008731
8,SONNETWeighted,500,2,0,2,1,0.04009579215828507,1,0.03859006054193104,0.32000000000000006,0.3115270541082164,0.06599999999980355
8,SONNETnonpar,500,2,0,2,1,0.036593975903614406,1,0.03871732728408772,0.32000000000000006,0.3115270541082164,0.2019999999997708
8,SONNETpar,500,2,50,2,1,0.040824414362003125,1,0.04106583708627187,0.32000000000000006,0.3115270541082164,0.05600000000004002
8,SONNETWeighted,500,2,50,2,1,0.04362985337331404,1,0.043235732088575896,0.32000000000000006,0.3115270541082164,0.09699999999975262
8,SONNETnonpar,500,2,50,2,1,0.04030922362309225,1,0.04134317255785702,0.32000000000000006,0.3115270541082164,0.19299999999975626
8,SONNETpar,500,2,100,2,1,0.03831356266656899,1,0.039629276704683636,0.32000000000000006,0.3115270541082164,0.057999999999992724
8,SONNETWeighted,500,2,100,2,1,0.03318984100213013,1,0.037069738727898316,0.32000000000000006,0.3115270541082164,0.09699999999975262
8,SONNETnonpar,500,2,100,2,1,0.03615273132664443,1,0.03964976726958591,0.32000000000000006,0.3115270541082164,0.2019999999997708
8,SONNETpar,500,2,250,2,1,0.03844233205952685,1,0.041590100977829336,0.32000000000000006,0.3115270541082164,0.05999999999994543
8,SONNETWeighted,500,2,250,2,1,0.04143180802106716,1,0.039956172730543305,0.32000000000000006,0.3115270541082164,0.10300000000006548
8,SONNETnonpar,500,2,250,2,1,0.03807130124777175,1,0.042543266064708374,0.32000000000000006,0.3115270541082164,0.25
8,SONNETpar,500,5,0,2,1,0.03622547625825312,1,0.0367788014445648,0.32000000000000006,0.3115270541082164,0.052999999999883585
8,SONNETWeighted,500,5,0,2,1,0.041757703721440886,1,0.04127123029801316,0.32000000000000006,0.3115270541082164,0.058999999999741704
8,SONNETnonpar,500,5,0,2,1,0.046458585858585866,1,0.04567716659733412,0.32000000000000006,0.3115270541082164,0.1410000000000764
8,SONNETpar,500,5,50,2,1,0.052971587074107096,1,0.05487477879772684,0.32000000000000006,0.3115270541082164,0.05900000000019645
8,SONNETWeighted,500,5,50,2,1,0.04857012934713456,1,0.04840032654111903,0.32000000000000006,0.3115270541082164,0.06499999999959982
8,SONNETnonpar,500,5,50,2,1,0.05140647482014388,1,0.053117187435400726,0.32000000000000006,0.3115270541082164,0.1999999999998181
8,SONNETpar,500,5,100,2,1,0.050266659425217075,1,0.05241347778390104,0.32000000000000006,0.3115270541082164,0.057000000000243745
8,SONNETWeighted,500,5,100,2,1,0.038478397778340445,1,0.040709260348262055,0.32000000000000006,0.3115270541082164,0.4859999999998763
8,SONNETnonpar,500,5,100,2,1,0.05683985102420852,1,0.05268899888673506,0.32000000000000006,0.3115270541082164,0.4839999999999236
8,SONNETpar,500,5,250,2,1,0.05180426237614577,1,0.05295744399342617,0.32000000000000006,0.3115270541082164,0.0660000000002583
8,SONNETWeighted,500,5,250,2,1,0.03047467000675813,1,0.03464055967324842,0.32000000000000006,0.3115270541082164,0.3969999999999345
8,SONNETnonpar,500,5,250,2,1,0.04785117056856181,1,0.04725148883306296,0.32000000000000006,0.3115270541082164,0.9720000000002074
8,SONNETpar,500,10,0,2,1,0.04019096925665122,1,0.0427698814219144,0.32000000000000006,0.3115270541082164,0.05099999999993088
8,SONNETWeighted,500,10,0,2,1,0.03469686419597001,1,0.037129724786903906,0.32000000000000006,0.3115270541082164,0.06100000000014916
8,SONNETnonpar,500,10,0,2,1,0.03887551020408164,1,0.03966488716590122,0.32000000000000006,0.3115270541082164,0.1679999999996653
8,SONNETpar,500,10,50,2,1,0.06422389146978158,1,0.06832844990817677,0.32000000000000006,0.3115270541082164,0.05600000000004002
8,SONNETWeighted,500,10,50,2,1,0.05703618413714018,1,0.059068212354593364,0.32000000000000006,0.3115270541082164,0.06899999999995998
8,SONNETnonpar,500,10,50,2,1,0.07081187010078382,1,0.07457458514892323,0.32000000000000006,0.3115270541082164,0.24900000000025102
8,SONNETpar,500,10,100,2,1,0.06775400499411965,1,0.06811015172477619,0.32000000000000006,0.3115270541082164,0.06399999999985084
8,SONNETWeighted,500,10,100,2,1,0.055676496405264175,1,0.05609442147595578,0.32000000000000006,0.3115270541082164,0.1180000000003929
8,SONNETnonpar,500,10,100,2,1,0.06980138746145931,1,0.0709000798304249,0.32000000000000006,0.3115270541082164,0.5459999999998217
8,SONNETpar,500,10,250,2,1,0.05263795064522353,1,0.05233814976742324,0.32000000000000006,0.3115270541082164,0.10199999999986176
8,SONNETWeighted,500,10,250,2,1,0.029553180959428493,1,0.03334058902311321,0.32000000000000006,0.3115270541082164,0.6790000000000873
8,SONNETnonpar,500,10,250,2,1,0.04796682149966813,1,0.0518977898387013,0.32000000000000006,0.3115270541082164,1.0639999999998508
9,NSBoot,500,0,0,2,1,0.04319478957915829,1,0.04354299824352381,0.32000000000000006,0.341498997995992,0.08500000000003638
9,ASEpar,500,0,0,2,0,0.03792672303825001,1,0.039934995044345833,0.32000000000000006,0.341498997995992,0.23799999999982901
9,ASEWeighted,500,0,0,2,0,0.03749944818187806,0,0.04118572229864925,0.32000000000000006,0.341498997995992,0.4610000000002401
9,ASEnonpar,500,0,0,2,0,0.04299759519038071,1,0.04358584664959686,0.32000000000000006,0.341498997995992,0.20699999999987995
9,SONNETpar,500,2,0,2,0,0.04119723925324248,1,0.04275755305457429,0.32000000000000006,0.341498997995992,0.056999999999789
9,SONNETWeighted,500,2,0,2,0,0.0363581614913534,0,0.03758278840013163,0.32000000000000006,0.341498997995992,0.06700000000000728
9,SONNETnonpar,500,2,0,2,0,0.038082329317269126,0,0.03918413436705426,0.32000000000000006,0.341498997995992,0.19000000000005457
9,SONNETpar,500,2,50,2,0,0.04437413568846155,1,0.042881861446511405,0.32000000000000006,0.341498997995992,0.057999999999992724
9,SONNETWeighted,500,2,50,2,0,0.03902617171119327,0,0.040601158594330666,0.32000000000000006,0.341498997995992,0.09200000000009823
9,SONNETnonpar,500,2,50,2,1,0.039542800265428,1,0.04090109256139307,0.32000000000000006,0.341498997995992,0.1999999999998181
9,SONNETpar,500,2,100,2,1,0.04603051199421199,1,0.0428413754206437,0.32000000000000006,0.341498997995992,0.06300000000010186
9,SONNETWeighted,500,2,100,2,0,0.03845765151208086,0,0.03872169586526575,0.32000000000000006,0.341498997995992,0.09999999999990905
9,SONNETnonpar,500,2,100,2,0,0.03810758082497201,0,0.041218758338374295,0.32000000000000006,0.341498997995992,0.20100000000002183
9,SONNETpar,500,2,250,2,0,0.03760707371534461,1,0.045361679243353326,0.32000000000000006,0.341498997995992,0.06199999999989814
9,SONNETWeighted,500,2,250,2,0,0.030363040984006662,0,0.03360506751242043,0.32000000000000006,0.341498997995992,0.10799999999971988
9,SONNETnonpar,500,2,250,2,1,0.04500409982174691,1,0.04780203645432779,0.32000000000000006,0.341498997995992,0.5860000000002401
9,SONNETpar,500,5,0,2,0,0.034753160840208186,0,0.035856003808562464,0.32000000000000006,0.341498997995992,0.05400000000008731
9,SONNETWeighted,500,5,0,2,0,0.03785063863876503,1,0.04206360118114827,0.32000000000000006,0.341498997995992,0.06299999999964712
9,SONNETnonpar,500,5,0,2,0,0.0382080808080808,0,0.04036929906342723,0.32000000000000006,0.341498997995992,0.14800000000013824
9,SONNETpar,500,5,50,2,1,0.04988860435306708,1,0.05352253760259318,0.32000000000000006,0.341498997995992,0.057000000000243745
9,SONNETWeighted,500,5,50,2,0,0.04264057070637922,0,0.04281279850888697,0.32000000000000006,0.341498997995992,0.06599999999980355
9,SONNETnonpar,500,5,50,2,1,0.04573895169578618,1,0.04911921796716001,0.32000000000000006,0.341498997995992,0.19800000000032014
9,SONNETpar,500,5,100,2,1,0.056599011060115556,1,0.05760989628614477,0.32000000000000006,0.341498997995992,0.0929999999998472
9,SONNETWeighted,500,5,100,2,0,0.04298311952041245,1,0.04615515095916023,0.32000000000000006,0.341498997995992,0.09400000000005093
9,SONNETnonpar,500,5,100,2,1,0.0554348230912477,1,0.05284014502284207,0.32000000000000006,0.341498997995992,0.4050000000002001
9,SONNETpar,500,5,250,2,1,0.04973912544049408,1,0.05322957338391221,0.32000000000000006,0.341498997995992,0.06700000000000728
9,SONNETWeighted,500,5,250,2,0,0.02976934337846532,0,0.03313924586072048,0.32000000000000006,0.341498997995992,0.3799999999996544
9,SONNETnonpar,500,5,250,2,1,0.04495685618729095,1,0.05173721351948046,0.32000000000000006,0.341498997995992,0.6449999999999818
9,SONNETpar,500,10,0,2,1,0.044704622295580254,0,0.04454574480249651,0.32000000000000006,0.341498997995992,0.09000000000014552
9,SONNETWeighted,500,10,0,2,0,0.03955136424862382,1,0.042141763394968335,0.32000000000000006,0.341498997995992,0.06599999999980355
9,SONNETnonpar,500,10,0,2,1,0.043763265306122456,0,0.04152417574663603,0.32000000000000006,0.341498997995992,0.16499999999996362
9,SONNETpar,500,10,50,2,1,0.07134291408162452,1,0.07697370878144905,0.32000000000000006,0.341498997995992,0.057999999999992724
9,SONNETWeighted,500,10,50,2,1,0.0673620807273359,1,0.07450853615570019,0.32000000000000006,0.341498997995992,0.07000000000016371
9,SONNETnonpar,500,10,50,2,1,0.063646136618141,1,0.06705410873218542,0.32000000000000006,0.341498997995992,0.2300000000000182
9,SONNETpar,500,10,100,2,1,0.06805583354628386,1,0.0679013866943885,0.32000000000000006,0.341498997995992,0.06700000000000728
9,SONNETWeighted,500,10,100,2,1,0.0541306356666964,1,0.052246085280137744,0.32000000000000006,0.341498997995992,0.14200000000028012
9,SONNETnonpar,500,10,100,2,1,0.06712307297019526,1,0.07045624191180366,0.32000000000000006,0.341498997995992,0.4659999999998945
9,SONNETpar,500,10,250,2,0,0.050844697974271325,1,0.05177780269189769,0.32000000000000006,0.341498997995992,0.10300000000006548
9,SONNETWeighted,500,10,250,2,0,0.0357933368263299,0,0.036287047604067535,0.32000000000000006,0.341498997995992,0.5309999999999491
9,SONNETnonpar,500,10,250,2,1,0.04866011944260118,1,0.05588703991885058,0.32000000000000006,0.341498997995992,1.2100000000000364
10,NSBoot,500,0,0,2,1,0.033834268537074164,1,0.03616152904640213,0.32000000000000006,0.31207214428857716,0.06999999999970896
10,ASEpar,500,0,0,2,1,0.03971019048758595,1,0.04036395731611908,0.32000000000000006,0.31207214428857716,0.06400000000030559
10,ASEWeighted,500,0,0,2,1,0.041077988996296055,1,0.04243856842390603,0.32000000000000006,0.31207214428857716,0.1430000000000291
10,ASEnonpar,500,0,0,2,1,0.03177254509018035,1,0.03523502656583011,0.32000000000000006,0.31207214428857716,0.4650000000001455
10,SONNETpar,500,2,0,2,1,0.03900920757717191,1,0.03866282711627189,0.32000000000000006,0.31207214428857716,0.09200000000009823
10,SONNETWeighted,500,2,0,2,1,0.0313127652754871,1,0.034020990970512366,0.32000000000000006,0.31207214428857716,0.3400000000001455
10,SONNETnonpar,500,2,0,2,1,0.03531445783132525,1,0.03835245946872978,0.32000000000000006,0.31207214428857716,0.1799999999998363
10,SONNETpar,500,2,50,2,1,0.036268418207320685,1,0.03886634003869105,0.32000000000000006,0.31207214428857716,0.06000000000040018
10,SONNETWeighted,500,2,50,2,1,0.038380523665897004,1,0.03974104610865781,0.32000000000000006,0.31207214428857716,0.0929999999998472
10,SONNETnonpar,500,2,50,2,1,0.039443928334439216,1,0.03932891046022291,0.32000000000000006,0.31207214428857716,0.37800000000015643
10,SONNETpar,500,2,100,2,1,0.04669773524241272,1,0.047301382007904014,0.32000000000000006,0.31207214428857716,0.058999999999741704
10,SONNETWeighted,500,2,100,2,1,0.03869827771166212,1,0.04090861936892476,0.32000000000000006,0.31207214428857716,0.5099999999997635
10,SONNETnonpar,500,2,100,2,1,0.04545011148272016,1,0.047959559834167886,0.32000000000000006,0.31207214428857716,0.5329999999999018
10,SONNETpar,500,2,250,2,1,0.04485319512935437,1,0.0436705167438749,0.32000000000000006,0.31207214428857716,0.06400000000030559
10,SONNETWeighted,500,2,250,2,1,0.03544416087560032,1,0.03545484056899162,0.32000000000000006,0.31207214428857716,0.11500000000023647
10,SONNETnonpar,500,2,250,2,1,0.0426372549019608,1,0.046264444973225904,0.32000000000000006,0.31207214428857716,0.5789999999997235
10,SONNETpar,500,5,0,2,1,0.03537100812253785,1,0.040261257851192944,0.32000000000000006,0.31207214428857716,0.08499999999958163
10,SONNETWeighted,500,5,0,2,1,0.031315846247003676,1,0.03119460373817251,0.32000000000000006,0.31207214428857716,0.06100000000014916
10,SONNETnonpar,500,5,0,2,1,0.042112121212121156,1,0.04160989209353616,0.32000000000000006,0.31207214428857716,0.1390000000001237
10,SONNETpar,500,5,50,2,1,0.05956973681754335,1,0.061575394342015866,0.32000000000000006,0.31207214428857716,0.0660000000002583
10,SONNETWeighted,500,5,50,2,1,0.04730626725129544,1,0.047270239864671715,0.32000000000000006,0.31207214428857716,0.07900000000017826
10,SONNETnonpar,500,5,50,2,1,0.039021582733812954,1,0.043855529987958275,0.32000000000000006,0.31207214428857716,0.19399999999995998
10,SONNETpar,500,5,100,2,1,0.04260489693355718,1,0.04628204924607626,0.32000000000000006,0.31207214428857716,0.06300000000010186
10,SONNETWeighted,500,5,100,2,1,0.04161659933851525,1,0.04626081598849141,0.32000000000000006,0.31207214428857716,0.09900000000016007
10,SONNETnonpar,500,5,100,2,1,0.052248292985723144,1,0.05584437063683734,0.32000000000000006,0.31207214428857716,0.4290000000000873
10,SONNETpar,500,5,250,2,1,0.041122196943520484,1,0.046309836348117694,0.32000000000000006,0.31207214428857716,0.07700000000022555
10,SONNETWeighted,500,5,250,2,1,0.03557851315488386,1,0.03708314479117136,0.32000000000000006,0.31207214428857716,0.6649999999999636
10,SONNETnonpar,500,5,250,2,1,0.0467658862876254,1,0.04838033430428501,0.32000000000000006,0.31207214428857716,0.8440000000000509
10,SONNETpar,500,10,0,2,1,0.037783602616088485,1,0.03850119095892257,0.32000000000000006,0.31207214428857716,0.09200000000009823
10,SONNETWeighted,500,10,0,2,1,0.035225220528720125,1,0.036838450678451706,0.32000000000000006,0.31207214428857716,0.06199999999989814
10,SONNETnonpar,500,10,0,2,1,0.03521020408163267,1,0.036733420895019075,0.32000000000000006,0.31207214428857716,0.16600000000016735
10,SONNETpar,500,10,50,2,1,0.06859174018464148,1,0.0692323270592774,0.32000000000000006,0.31207214428857716,0.0929999999998472
10,SONNETWeighted,500,10,50,2,1,0.062273663213175956,1,0.05666913612943458,0.32000000000000006,0.31207214428857716,0.07699999999977081
10,SONNETnonpar,500,10,50,2,1,0.07046584546472556,1,0.0734359453802842,0.32000000000000006,0.31207214428857716,0.23499999999967258
10,SONNETpar,500,10,100,2,1,0.059977560268402064,1,0.06286126699698835,0.32000000000000006,0.31207214428857716,0.06500000000005457
10,SONNETWeighted,500,10,100,2,1,0.05633085888938094,1,0.06011233607657773,0.32000000000000006,0.31207214428857716,0.1069999999999709
10,SONNETnonpar,500,10,100,2,1,0.06539928057553945,1,0.0625644035993086,0.32000000000000006,0.31207214428857716,0.5099999999997635
10,SONNETpar,500,10,250,2,1,0.043743232074020366,1,0.04592685463738522,0.32000000000000006,0.31207214428857716,0.10300000000006548
10,SONNETWeighted,500,10,250,2,1,0.03261199448536628,1,0.03571628270364202,0.32000000000000006,0.31207214428857716,0.9070000000001528
10,SONNETnonpar,500,10,250,2,1,0.046733112143331146,1,0.04836502493191397,0.32000000000000006,0.31207214428857716,1.143999999999778
